Solve_time_seconds,Solve_time_minutes
5,0.08333333333333333
1,0.016666666666666666
4,0.06666666666666667
6,0.1
16,0.26666666666666666
