Solve_time_seconds,Solve_time_minutes

8,0.13333333333333333
15,0.25
14,0.23333333333333334
14,0.23333333333333334
12,0.2
